[{"model": "api.category", "pk": 1, "fields": {"name": "Фильм", "slug": "movie"}}, {"model": "api.category", "pk": 2, "fields": {"name": "Книга", "slug": "book"}}, {"model": "api.category", "pk": 3, "fields": {"name": "Музыка", "slug": "music"}}, {"model": "api.genre", "pk": 1, "fields": {"name": "Драма", "slug": "drama"}}, {"model": "api.genre", "pk": 2, "fields": {"name": "Комедия", "slug": "comedy"}}, {"model": "api.genre", "pk": 3, "fields": {"name": "Вестерн", "slug": "western"}}, {"model": "api.genre", "pk": 4, "fields": {"name": "Фэнтези", "slug": "fantasy"}}, {"model": "api.genre", "pk": 5, "fields": {"name": "Фантастика", "slug": "sci-fi"}}, {"model": "api.genre", "pk": 6, "fields": {"name": "Детектив", "slug": "detective"}}, {"model": "api.genre", "pk": 7, "fields": {"name": "Триллер", "slug": "thriller"}}, {"model": "api.genre", "pk": 8, "fields": {"name": "Сказка", "slug": "tale"}}, {"model": "api.genre", "pk": 9, "fields": {"name": "Гонзо", "slug": "gonzo"}}, {"model": "api.genre", "pk": 10, "fields": {"name": "Роман", "slug": "roman"}}, {"model": "api.genre", "pk": 11, "fields": {"name": "Баллада", "slug": "ballad"}}, {"model": "api.genre", "pk": 12, "fields": {"name": "Rock-n-roll", "slug": "rock-n-roll"}}, {"model": "api.genre", "pk": 13, "fields": {"name": "Классика", "slug": "classical"}}, {"model": "api.genre", "pk": 14, "fields": {"name": "Рок", "slug": "rock"}}, {"model": "api.genre", "pk": 15, "fields": {"name": "Шансон", "slug": "chanson"}}, {"model": "api.title", "pk": 1, "fields": {"name": "Побег из Шоушенка", "year": 1994, "category": 1, "description": null, "genre": [1]}}, {"model": "api.title", "pk": 2, "fields": {"name": "Крестный отец", "year": 1972, "category": 1, "description": null, "genre": [1]}}, {"model": "api.title", "pk": 3, "fields": {"name": "12 разгневанных мужчин", "year": 1957, "category": 1, "description": null, "genre": [1]}}, {"model": "api.title", "pk": 4, "fields": {"name": "Список Шиндлера", "year": 1993, "category": 1, "description": null, "genre": [1]}}, {"model": "api.title", "pk": 5, "fields": {"name": "Криминальное чтиво", "year": 1994, "category": 1, "description": null, "genre": [2, 6, 7]}}, {"model": "api.title", "pk": 6, "fields": {"name": "Хороший, плохой, злой", "year": 1966, "category": 1, "description": null, "genre": [3]}}, {"model": "api.title", "pk": 7, "fields": {"name": "Властелин колец: Братство кольца", "year": 2001, "category": 1, "description": null, "genre": [4]}}, {"model": "api.title", "pk": 8, "fields": {"name": "Бойцовский клуб", "year": 1999, "category": 1, "description": null, "genre": [7]}}, {"model": "api.title", "pk": 9, "fields": {"name": "Форрест Гамп", "year": 1994, "category": 1, "description": null, "genre": [1, 2]}}, {"model": "api.title", "pk": 10, "fields": {"name": "Звёздные войны. Эпизод 5: Империя наносит ответный удар", "year": 1980, "category": 1, "description": null, "genre": [4]}}, {"model": "api.title", "pk": 11, "fields": {"name": "Властелин колец: Две крепости", "year": 2002, "category": 1, "description": null, "genre": [4]}}, {"model": "api.title", "pk": 12, "fields": {"name": "Матрица", "year": 1999, "category": 1, "description": null, "genre": [1, 5, 6, 8]}}, {"model": "api.title", "pk": 13, "fields": {"name": "Пролетая над гнездом кукушки", "year": 1975, "category": 1, "description": null, "genre": [1]}}, {"model": "api.title", "pk": 14, "fields": {"name": "Назад в будущее", "year": 1985, "category": 1, "description": null, "genre": [5]}}, {"model": "api.title", "pk": 15, "fields": {"name": "Операция «Ы» и другие приключения Шурика", "year": 1965, "category": 1, "description": null, "genre": [2, 6, 8]}}, {"model": "api.title", "pk": 16, "fields": {"name": "Карты, деньги, два ствола", "year": 1998, "category": 1, "description": null, "genre": [2]}}, {"model": "api.title", "pk": 17, "fields": {"name": "Джентльмены удачи ", "year": 1971, "category": 1, "description": null, "genre": [2]}}, {"model": "api.title", "pk": 18, "fields": {"name": "Джанго освобожденный", "year": 2012, "category": 1, "description": null, "genre": [1]}}, {"model": "api.title", "pk": 19, "fields": {"name": "Generation П", "year": 2011, "category": 1, "description": null, "genre": [1]}}, {"model": "api.title", "pk": 20, "fields": {"name": "Колобок", "year": 1873, "category": 2, "description": null, "genre": [7, 8]}}, {"model": "api.title", "pk": 21, "fields": {"name": "Страх и ненависть в Лас-Вегасе", "year": 1971, "category": 2, "description": null, "genre": [9]}}, {"model": "api.title", "pk": 22, "fields": {"name": "Война и мир", "year": 1865, "category": 2, "description": null, "genre": [10]}}, {"model": "api.title", "pk": 23, "fields": {"name": "Улисс", "year": 1918, "category": 2, "description": null, "genre": [10]}}, {"model": "api.title", "pk": 24, "fields": {"name": "Generation П", "year": 1999, "category": 2, "description": null, "genre": [10]}}, {"model": "api.title", "pk": 25, "fields": {"name": "Винни Пух и все-все-все", "year": 1926, "category": 2, "description": null, "genre": [8]}}, {"model": "api.title", "pk": 26, "fields": {"name": "Стас Михайлов - Позывные на любовь", "year": 2004, "category": 3, "description": null, "genre": [15]}}, {"model": "api.title", "pk": 27, "fields": {"name": "Led Zeppelin — Stairway to Heaven", "year": 1971, "category": 3, "description": null, "genre": [11, 14]}}, {"model": "api.title", "pk": 28, "fields": {"name": "Jethro Tull - Aqualung", "year": 1971, "category": 3, "description": null, "genre": [11]}}, {"model": "api.title", "pk": 29, "fields": {"name": "Elvis Presley - Blue Suede Shoes", "year": 1955, "category": 3, "description": null, "genre": [12]}}, {"model": "api.title", "pk": 30, "fields": {"name": "Deep Purple — Smoke on the Water", "year": 1971, "category": 3, "description": null, "genre": [14]}}, {"model": "api.title", "pk": 31, "fields": {"name": "Моцарт - Турецкий марш", "year": 1784, "category": 3, "description": null, "genre": [13]}}, {"model": "api.title", "pk": 32, "fields": {"name": "Бах. Оркестровая Сюита №2 си минор", "year": 1739, "category": 3, "description": null, "genre": [13]}}, {"model": "api.review", "pk": 1, "fields": {"title": 1, "text": "Ставлю десять звёзд!\n...Эти голоса были чище и светлее тех, о которых мечтали в этом сером, убогом месте. Как будто две птички влетели и своими голосами развеяли стены наших клеток, и на короткий миг каждый человек в Шоушенке почувствовал себя свободным.", "author": 100, "score": 10, "pub_date": "2019-09-24T21:08:21.567Z"}}, {"model": "api.review", "pk": 2, "fields": {"title": 1, "text": "Не привыкай\n«Эти стены имеют одно свойство: сначала ты их ненавидишь, потом привыкаешь, а потом не можешь без них жить»", "author": 101, "score": 10, "pub_date": "2019-09-24T21:08:21.567Z"}}, {"model": "api.review", "pk": 3, "fields": {"title": 2, "text": "Фильм, разобранный на цитаты, достоин высшей оценки. Десять с плюсом (жаль, тут плюса нет)\n\"Ты пришел и говоришь: \"Дон Корлеоне, мне нужна справедливость\". Но ты просишь без уважения, ты не предлагаешь дружбу, ты даже не назвал меня Крестным Отцом.\"", "author": 102, "score": 10, "pub_date": "2019-09-24T21:08:21.567Z"}}, {"model": "api.review", "pk": 4, "fields": {"title": 2, "text": "Жестокий, жестокий, жестокий мир, не о таком мечтали мы в детстве!!111\n***Отец сделал ему предложение, от которого он не смог отказаться. Лука Брази держал пистолет у его виска, и отец предложил выбор: либо на контракте мозги, либо подпись.***", "author": 103, "score": 1, "pub_date": "2019-09-24T21:08:21.567Z"}}, {"model": "api.review", "pk": 5, "fields": {"title": 2, "text": "Это мои соседи! Ставлю три звезды за то, что они дважды отдавили мне окном пальцы:\n----------------------\n— Вы живёте в плохом районе?\n— Не то слово. Однажды с нашей улицы угнали полицейскую машину с двумя полицейскими. В дом всё время лезут воры. Каждый раз, как я пытаюсь закрыть окно, прищемляю кому-нибудь пальцы.", "author": 104, "score": 3, "pub_date": "2019-09-24T21:08:21.567Z"}}, {"model": "api.review", "pk": 6, "fields": {"title": 5, "text": "Всё, как в разных языках программирования! В основном — похоже, но вот эти маленькие различия выводят из себя. \nВеликий фильм на все случаи жизни!\n=====================================================\n— А знаешь, как в Париже называют четвертьфунтовый чизбургер?\n— Что, они не зовут его четвертьфунтовый чизбургер?\n— У них там метрическая система. Они вообще там не понимают, что за хрен четверть фунта.\n— И как они его зовут?\n— Они зовут его «Роял чизбургер».\n— «Роял чизбургер»? А как же тогда они зовут «Биг Мак»?\n— «Биг Мак» это «Биг Мак», только они называют его «Лё Биг Мак».", "author": 100, "score": 8, "pub_date": "2019-09-24T21:08:21.567Z"}}, {"model": "api.review", "pk": 7, "fields": {"title": 5, "text": "Ничего не понятно. Они там что, страницы сценария перепутали? Его сперва убили, а потом он опять жив, а они сперва в футболках, потом в костюмах, а потом опять в футболках. Ерунда полная", "author": 101, "score": 1, "pub_date": "2019-09-24T21:08:21.567Z"}}, {"model": "api.review", "pk": 8, "fields": {"title": 5, "text": "Очень поучительный фильм о том, что такое хорошо, что такое плохо и почему не надо читать в туалете.\nТвердая восьмёрка", "author": 102, "score": 8, "pub_date": "2019-09-24T21:08:21.567Z"}}, {"model": "api.review", "pk": 9, "fields": {"title": 6, "text": "Посмотрел фильм. \n— На свете есть два типа людей: те, кто копает и те, у кого заряжен револьвер.\nПойду копать, как велел Клинт. \nДевять баллов.", "author": 103, "score": 9, "pub_date": "2019-09-24T21:08:21.567Z"}}, {"model": "api.review", "pk": 10, "fields": {"title": 6, "text": "Вечная проблема всех злодеев, болтающих-болтающих-болтающих вместо того, чтобы просто застрелить противника, одним махом решена в этой сцене.\nЗа одно это фильм заслуживает высшего балла\n\"Пришел стрелять - стреляй, а не болтай!\"", "author": 104, "score": 10, "pub_date": "2019-09-24T21:08:21.567Z"}}, {"model": "api.review", "pk": 11, "fields": {"title": 6, "text": "Фильм про жадных, корыстных, грязных и безнравственных людей, чему он может научить зрителя?!!", "author": 100, "score": 2, "pub_date": "2019-09-24T21:08:21.567Z"}}, {"model": "api.review", "pk": 12, "fields": {"title": 14, "text": "Недавно именно так я изобрёл вечный двигатель! Чистая правда в фильме, почему он назван \"фантастикой\", это же полнейший реализм!\nВот цитата. Но зачем ему часы в уборной?!\n— В тот день я изобрёл путешествие во времени! Как сейчас помню… Я стоял на унитазе и вешал часы. Вдруг подскользнулся, ударился головой о раковину", "author": 101, "score": 8, "pub_date": "2019-09-24T21:08:21.567Z"}}, {"model": "api.review", "pk": 13, "fields": {"title": 14, "text": "Великий фильм, жаль только, что будущее, которое в нём показано, уже в прошлом. Но проблемы всё теже, вот как эта, например: «Док, послушай, всё, что нам нужно — это немного плутония!»\nВсегда не хватает какой-нибудь мелочи. Семёрка за то, что будущее оказалось не таким, как обещали.", "author": 102, "score": 7, "pub_date": "2019-09-24T21:08:21.567Z"}}, {"model": "api.review", "pk": 14, "fields": {"title": 14, "text": "Будущее выглядит странно и неожиданно, тоже мне, бином Ньютона. Но диалог прекрасен, и за это не стану сильно минусовать.\n-- Then tell me, future boy, who's President of the United States in 1985?\n-- Ronald Reagan.\n-- Ronald Reagan? The actor? Then who's vice president? Jerry Lewis?", "author": 103, "score": 4, "pub_date": "2019-09-24T21:08:21.567Z"}}, {"model": "api.review", "pk": 15, "fields": {"title": 17, "text": "Неужели из тюрьмы так легко было сбежать? Раз - и ты на свободе. Да, побег из Шоушенка пришлось готовить немного дольше. Пять за соцреализм", "author": 104, "score": 5, "pub_date": "2019-09-24T21:08:21.567Z"}}, {"model": "api.review", "pk": 16, "fields": {"title": 3, "text": "Сходила в кино, решила написать: драйв и огонь, но иногда какой-то бред на экране. В середине фильма просто отличные диалоги! Пусть будет 7", "author": 100, "score": 7, "pub_date": "2019-09-24T21:08:21.567Z"}}, {"model": "api.review", "pk": 17, "fields": {"title": 3, "text": "Смотрел, не отрываясь, хочу описать свои впечатления. По моему мнению, сценарий подкачал, зато подбор актёров - супер. Начало немного затянуто. Оператору - Оскара! Всё остальное - не очень. Фильм тянет на 8 из 10", "author": 101, "score": 8, "pub_date": "2019-09-24T21:08:21.567Z"}}, {"model": "api.review", "pk": 18, "fields": {"title": 4, "text": "Скачал, посмотрел, думаю, что актёры так себе, сценарий хороший. Диалоги прекрасные, так что пусть будет восемь звезд", "author": 102, "score": 8, "pub_date": "2019-09-24T21:08:21.567Z"}}, {"model": "api.review", "pk": 19, "fields": {"title": 4, "text": "Посмотрел. По моему мнению, актёры так себе, но сценарий хороший. Первую половину фильма можно спать, не опасаясь, что что-то пропустишь. Не раздумывая, ставлю уверенную десятку", "author": 103, "score": 10, "pub_date": "2019-09-24T21:08:21.567Z"}}, {"model": "api.review", "pk": 20, "fields": {"title": 7, "text": "Скажу тем, кто ещё не смотрел: если бы я был режиссёром этого фильма - я бы не гордился. Оператора уволить, фильм получился так себе, но один раз посмотреть - сойдёт. Авторы честно заслужили 5 из 10", "author": 104, "score": 5, "pub_date": "2019-09-24T21:08:21.567Z"}}, {"model": "api.review", "pk": 21, "fields": {"title": 7, "text": "Скачал, посмотрел, думаю, что сценарий подкачал, зато подбор актёров - супер. Начало немного затянуто, да и вообще не очень. Фильм едва тянет на 4", "author": 100, "score": 4, "pub_date": "2019-09-24T21:08:21.567Z"}}, {"model": "api.review", "pk": 22, "fields": {"title": 8, "text": "Мне кажется, что я впустую потерял время. Ставлю 2", "author": 101, "score": 2, "pub_date": "2019-09-24T21:08:21.567Z"}}, {"model": "api.review", "pk": 23, "fields": {"title": 8, "text": "Посмотрела. Актёры так себе, сценарий хороший. Уснула к середине. Не раздумывая, ставлю двойку ", "author": 102, "score": 2, "pub_date": "2019-09-24T21:08:21.567Z"}}, {"model": "api.review", "pk": 24, "fields": {"title": 9, "text": "Все очень долго ждали премьеру фильма,и наконец дождались.Фильм отличный,добрый,смотрится почти на одном дыхании,с завязанным сюжетом и не менее крутой музыкой.Кино очень понравилось!!!Всем советую.", "author": 103, "score": 10, "pub_date": "2019-09-24T21:08:21.567Z"}}, {"model": "api.review", "pk": 25, "fields": {"title": 9, "text": "Отстой-фильм. Не ходите", "author": 104, "score": 1, "pub_date": "2019-09-24T21:08:21.567Z"}}, {"model": "api.review", "pk": 26, "fields": {"title": 9, "text": "Для людей, которые хотят посмеяться и получить море эмоций, тот самый фильм. Мне очень понравился.", "author": 100, "score": 10, "pub_date": "2019-09-24T21:08:21.567Z"}}, {"model": "api.review", "pk": 27, "fields": {"title": 10, "text": "Первый раз в жизни решила написать отзыв,чтобы предостеречь от потери денег на билет и траты времени на просмотр. К игре актеров претензий нет", "author": 101, "score": 2, "pub_date": "2019-09-24T21:08:21.567Z"}}, {"model": "api.review", "pk": 28, "fields": {"title": 10, "text": "2 часа смотрятся на одном дыхании. Спецэффекты на уровне фильмов Марвела. Смотрели всей семьей. Посмотрел несколько отзывов, понял , что фильм стоит посмотреть", "author": 102, "score": 10, "pub_date": "2019-09-24T21:08:21.567Z"}}, {"model": "api.review", "pk": 29, "fields": {"title": 11, "text": "Действия персонажей вызывают постоянный вопросы - что и зачем они это делают. Логики просто нет. После половины фильма уже хочется уйти", "author": 103, "score": 1, "pub_date": "2019-09-24T21:08:21.567Z"}}, {"model": "api.review", "pk": 30, "fields": {"title": 11, "text": "Лучший фильм, однозначно. Шедевр. Но следует понимать, что это не кино под пиво для молодежи. Стильно снято, на одном дыхании\nсмотрится, персонажи великолепны", "author": 104, "score": 10, "pub_date": "2019-09-24T21:08:21.567Z"}}, {"model": "api.review", "pk": 31, "fields": {"title": 11, "text": "Тупее не видел, смотреть не интересно скучняк", "author": 100, "score": 1, "pub_date": "2019-09-24T21:08:21.567Z"}}, {"model": "api.review", "pk": 32, "fields": {"title": 12, "text": "Фильм интересный,но не доработанный.Остроты сюжета не хватает", "author": 101, "score": 8, "pub_date": "2019-09-24T21:08:21.567Z"}}, {"model": "api.review", "pk": 33, "fields": {"title": 12, "text": "Самая сильная картина за последнее время. Фильм заставляет плакать, радоваться, грустить, держит в напряжении", "author": 102, "score": 10, "pub_date": "2019-09-24T21:08:21.567Z"}}, {"model": "api.review", "pk": 34, "fields": {"title": 12, "text": "С огромным удовольствием сходила в кинотеатр. Одноразовые фильмы, названия которых забываешь на выходе из дверей кинозала, разочаровывают. И вот настоящий, душевный, жизненный фильм. Игра акторов и сюжет бомбические.", "author": 103, "score": 9, "pub_date": "2019-09-24T21:08:21.567Z"}}, {"model": "api.review", "pk": 35, "fields": {"title": 13, "text": "Что сказать после просмотра? Ничего. Такое ощущение, что тебя обманули, заставили смотреть за твои деньги на стену", "author": 104, "score": 1, "pub_date": "2019-09-24T21:08:21.567Z"}}, {"model": "api.review", "pk": 36, "fields": {"title": 13, "text": "Хотелось уйти уже на двадцатой минуте. Неинтересно и нудно. Режиссура не впечатлила, ну просто неинтересно смотреть было", "author": 100, "score": 2, "pub_date": "2019-09-24T21:08:21.567Z"}}, {"model": "api.review", "pk": 37, "fields": {"title": 13, "text": "Фильм стоит увидеть тем, кому интересно современное кино. Не скучно, не затянуто, понравилась операторская работа, некоторые сцены сделаны на хорошем уровне", "author": 101, "score": 8, "pub_date": "2019-09-24T21:08:21.567Z"}}, {"model": "api.review", "pk": 38, "fields": {"title": 15, "text": "Муторно и тяжело. Ставлю 2", "author": 102, "score": 2, "pub_date": "2019-09-24T21:08:21.567Z"}}, {"model": "api.review", "pk": 39, "fields": {"title": 15, "text": "Фильм не оправдал ожиданий. Сплошная каша, слабый сценарий. С трудом досмотрела до конца. Ожидала нечто такого интересного и захватывающее. Полное разочарование. Отдельные несвязные сцены, непонятные диалоги", "author": 103, "score": 3, "pub_date": "2019-09-24T21:08:21.567Z"}}, {"model": "api.review", "pk": 40, "fields": {"title": 15, "text": "Мне фильм понравился. Все качественно,красиво. Игра актеров, в основном, очень даже. Но слишком много, для меня кровавых сцен,слабонервным просьба не смотреть", "author": 104, "score": 9, "pub_date": "2019-09-24T21:08:21.567Z"}}, {"model": "api.review", "pk": 41, "fields": {"title": 16, "text": "Зря потерянное время! Эмоции после просмотра, - безысходность, ничего уже не изменишь. Фильм вообще никакой!!!\nИ поставили его люди бездарные и никчёмные!!!", "author": 100, "score": 1, "pub_date": "2019-09-24T21:08:21.567Z"}}, {"model": "api.review", "pk": 42, "fields": {"title": 16, "text": "После просмотра разочарование граничит с шоком. Бездарный фильм, как предыдущий от этого же режиссера. Не рекомендую никому! Плохо, неправдоподобно, скомкано снято.", "author": 101, "score": 2, "pub_date": "2019-09-24T21:08:21.567Z"}}, {"model": "api.review", "pk": 43, "fields": {"title": 16, "text": "Фильм мощный. Главное - не занимать чью-то позицию, а смотреть со стороны. Впервые вижу, чтобы было так детально показаны переживания и эмоции каждого героя. Все на своем месте. Актеры и графика на высоте.", "author": 102, "score": 10, "pub_date": "2019-09-24T21:08:21.567Z"}}, {"model": "api.review", "pk": 44, "fields": {"title": 17, "text": "Если такой жанр вам по вкусу, то даже не сомневайтесь - бегом в кинотеатр! Фильм - огонь! Интересный сюжет, великолепная игра актёров, съёмки просто супер, да и спецэффекты на высоте", "author": 103, "score": 10, "pub_date": "2019-09-24T21:08:21.567Z"}}, {"model": "api.review", "pk": 45, "fields": {"title": 18, "text": "Сюжет, мысль, философия, игра актеров, эмоции - блеск! Сюжет динамичный, игра актёров хороша, но не идеальна.", "author": 104, "score": 8, "pub_date": "2019-09-24T21:08:21.567Z"}}, {"model": "api.review", "pk": 46, "fields": {"title": 18, "text": "Разочарованине, вытащила себя в кино, а тут такое. Реклама шла мноообещающая, а в реальности всё не то", "author": 100, "score": 2, "pub_date": "2019-09-24T21:08:21.567Z"}}, {"model": "api.review", "pk": 47, "fields": {"title": 19, "text": "Неправдоподобный, нелогичный, бессмысленный фильм. Просто никакой, можете даже не смотреть, сути не уловите. Мне понравился", "author": 101, "score": 10, "pub_date": "2019-09-24T21:08:21.567Z"}}, {"model": "api.review", "pk": 48, "fields": {"title": 19, "text": "Интересно продуманный фильм, цепляет необычным сюжетом. длинный, что бывает не во всех фильмах. Актёры крутые. В общем, посмотреть можно.", "author": 102, "score": 8, "pub_date": "2019-09-24T21:08:21.567Z"}}, {"model": "api.review", "pk": 49, "fields": {"title": 20, "text": "Внимательно слежу за всеми новыми изданиями, покупаю каждое. Лучший триллер тысячелетия — это «Колобок»", "author": 103, "score": 10, "pub_date": "2019-09-24T21:08:21.567Z"}}, {"model": "api.review", "pk": 50, "fields": {"title": 20, "text": "А вот у кипчаков «колобок» — шарик из навоза! И сказка приобретает совсем другой смысл! «Не хитри, а то навоза накушаешься!»", "author": 104, "score": 10, "pub_date": "2019-09-24T21:08:21.567Z"}}, {"model": "api.review", "pk": 51, "fields": {"title": 21, "text": "Прочла от начала до конца, не отрываясь. Ужасная книга, чему она может научить нашу молодёжь.", "author": 100, "score": 1, "pub_date": "2019-09-24T21:08:21.567Z"}}, {"model": "api.review", "pk": 52, "fields": {"title": 21, "text": "Суровые американские семидесятые в документальном изложении. Как автор дожил до 2005-го года — загадка. Но роман прекрасный. ", "author": 101, "score": 10, "pub_date": "2019-09-24T21:08:21.567Z"}}, {"model": "api.review", "pk": 53, "fields": {"title": 22, "text": "Многабукуф. Ниасилил. В аннотации написано — «великий роман», так что ставлю максимальную оценку", "author": 102, "score": 10, "pub_date": "2019-09-24T21:08:21.567Z"}}, {"model": "api.review", "pk": 54, "fields": {"title": 22, "text": "Если такой жанр вам по вкусу, то даже не сомневайтесь: садитесь читать! Роман - огонь! Интересный сюжет, великолепные персонажи, небо Аустерлица и встреча с дубом", "author": 103, "score": 10, "pub_date": "2019-09-24T21:08:21.567Z"}}, {"model": "api.review", "pk": 55, "fields": {"title": 22, "text": "Я ВиМ в школе читал (заставляли), а потом опять случайно прочёл, и оказалось, что он и правла великий, а не просто так. Не ставлю десятку только в память о школьных мучениях", "author": 104, "score": 8, "pub_date": "2019-09-24T21:08:21.567Z"}}, {"model": "api.review", "pk": 56, "fields": {"title": 23, "text": "Ничего не понял", "author": 100, "score": 3, "pub_date": "2019-09-24T21:08:21.567Z"}}, {"model": "api.review", "pk": 57, "fields": {"title": 23, "text": "Не понял вообще ничего", "author": 101, "score": 1, "pub_date": "2019-09-24T21:08:21.567Z"}}, {"model": "api.review", "pk": 58, "fields": {"title": 23, "text": "Совсем непонятно, но здорово", "author": 102, "score": 8, "pub_date": "2019-09-24T21:08:21.567Z"}}, {"model": "api.review", "pk": 59, "fields": {"title": 23, "text": "Что это было?! Десятка за уровень непонятности", "author": 103, "score": 10, "pub_date": "2019-09-24T21:08:21.567Z"}}, {"model": "api.review", "pk": 60, "fields": {"title": 23, "text": "Детально комментировать не буду, но это шедевр", "author": 104, "score": 10, "pub_date": "2019-09-24T21:08:21.567Z"}}, {"model": "api.review", "pk": 61, "fields": {"title": 23, "text": "Один день уместился всего в один том. Автору и книге — максимальную оценку за лаконичность", "author": 100, "score": 10, "pub_date": "2019-09-24T21:08:21.567Z"}}, {"model": "api.review", "pk": 62, "fields": {"title": 23, "text": "Одиссей без сирен и золотого руна. Куда автор подевал классический сюжет и почему там везде Ирландия?! Деньги дерут, а корицу жалеют.", "author": 101, "score": 3, "pub_date": "2019-09-24T21:08:21.567Z"}}, {"model": "api.review", "pk": 63, "fields": {"title": 24, "text": "Не может быть такого. Это всё придумано, автор попытался обмануть читателя, но мы, читатели, умнее его. Нас вокруг пальца не обведёшь!!", "author": 102, "score": 2, "pub_date": "2019-09-24T21:08:21.567Z"}}, {"model": "api.review", "pk": 64, "fields": {"title": 24, "text": "Всё совершенно не так, как на самом деле, и в документальной повести это хорошо описано", "author": 103, "score": 9, "pub_date": "2019-09-24T21:08:21.567Z"}}, {"model": "api.review", "pk": 65, "fields": {"title": 25, "text": "Если бы я только мог на минутку перестать бумкать головой по ступенькам и как следует сосредоточиться — я бы написал прекрасный отзыв. Но увы — сосредоточиться-то мне и некогда: учёба, работа. Просто поставлю пятёрку", "author": 104, "score": 10, "pub_date": "2019-09-24T21:08:21.567Z"}}, {"model": "api.review", "pk": 66, "fields": {"title": 25, "text": "Это просто «Война и мир» для детей. Читать всем", "author": 100, "score": 10, "pub_date": "2019-09-24T21:08:21.567Z"}}, {"model": "api.review", "pk": 67, "fields": {"title": 26, "text": "Слушаю и плачу. Плачу, но слушаю", "author": 101, "score": 10, "pub_date": "2019-09-24T21:08:21.567Z"}}, {"model": "api.review", "pk": 68, "fields": {"title": 27, "text": "Какой-то непонятный шум. Неужели это кто-то слушает?", "author": 102, "score": 1, "pub_date": "2019-09-24T21:08:21.567Z"}}, {"model": "api.review", "pk": 69, "fields": {"title": 27, "text": "Ничего не понятно. О чём эта песня, чему она учит?", "author": 103, "score": 2, "pub_date": "2019-09-24T21:08:21.567Z"}}, {"model": "api.review", "pk": 70, "fields": {"title": 28, "text": "Йэн Андерсон великий!!!!!!!!1111", "author": 104, "score": 10, "pub_date": "2019-09-24T21:08:21.567Z"}}, {"model": "api.review", "pk": 71, "fields": {"title": 28, "text": "Неужели песню про аквалангистов перевели на английский?! Ну наконец-то! Аквалангисты — это хорошо!", "author": 100, "score": 10, "pub_date": "2019-09-24T21:08:21.567Z"}}, {"model": "api.review", "pk": 72, "fields": {"title": 29, "text": "Мы прыгали, вертелись и кружились так, что пол ходил ходуном!", "author": 101, "score": 10, "pub_date": "2019-09-24T21:08:21.567Z"}}, {"model": "api.review", "pk": 73, "fields": {"title": 30, "text": "Это единственный риф, который я умею играть на своей супердорогой гитаре! Моя любимая песня", "author": 104, "score": 10, "pub_date": "2019-09-24T21:08:21.567Z"}}, {"model": "api.review", "pk": 74, "fields": {"title": 31, "text": "Странно: Моцарт - австриец, а марш - турецкий. Не понимаю, как так вышло. Звучит красиво, но за географическую путаницу ставлю восемь", "author": 100, "score": 8, "pub_date": "2019-09-24T21:08:21.567Z"}}, {"model": "api.review", "pk": 75, "fields": {"title": 32, "text": "Бах forever. Это вам не три аккорда на гитаре, как у смок он зе вотер", "author": 102, "score": 10, "pub_date": "2019-09-24T21:08:21.567Z"}}, {"model": "api.comment", "pk": 1, "fields": {"review": 6, "text": "Ничего подобного, в фильме всё не так, и программирование тут вообще ни при чём!", "author": 102, "pub_date": "2020-01-13T23:20:02.422Z"}}, {"model": "api.comment", "pk": 2, "fields": {"review": 6, "text": "Ну надо же, не нашлось ничего лучшего, кроме как прокомментировать разговор про гамбургеры, будто в фильме ничего важнее этого нет", "author": 101, "pub_date": "2020-01-13T23:20:02.422Z"}}, {"model": "api.comment", "pk": 3, "fields": {"review": 6, "text": "Кстати, а что такое \"четверть фунта\"? В граммах это сколько?", "author": 103, "pub_date": "2020-01-13T23:20:02.422Z"}}, {"model": "api.comment", "pk": 4, "fields": {"review": 50, "text": "Вот это да, никогда не слышал об этом! Спасибо за информацию", "author": 100, "pub_date": "2020-01-13T23:20:02.422Z"}}, {"model": "api.comment", "pk": 5, "fields": {"review": 50, "text": "Почему обязательно  нужно любой разговор сводить к навозу? Хорошая детская сказка, ва вы тут пишете про какие-то субстанции неприятные. Фу таким быть.", "author": 103, "pub_date": "2020-01-13T23:20:02.422Z"}}]